Source File	Size	loadResources	load	generateSnapshots	load-configure	scan	loadDepInfo	loadInfo	checkR4R4B	generateNarratives	validate	loadLists	checkConformanceResources	checkConformanceResources2	checkConformanceResources3	generateLogicalMaps	validateExpressions	scanForUsageStats	checkURLsUnique	processProvenanceDetails	translate	generate1	generate2	generateLogicals	makeDependencies	generateExampleZip	generateValidationPack	scanProfilesForR5	scanExamplesForR5
/fsh-generated/resources/ImplementationGuide-eu.ehds.models.json	23578	-	0	0	0	0	0	0	9	65	0	0	0	0	0	0	0	1	0	0	0	150	217	0	0	0	3	0	1
fsh-generated/resources/ActorDefinition-actor-basic.json	184	3	0	0	1	0	0	0	0	3	0	0	0	0	0	0	0	0	0	0	0	9	13	0	0	0	0	0	0
fsh-generated/resources/ActorDefinition-actor-full.json	181	1	0	0	0	0	0	0	0	1	0	0	0	0	0	0	0	0	0	0	0	8	8	0	0	0	0	0	0
fsh-generated/resources/StructureDefinition-EHDSAddress.json	11704	7	0	9	0	0	1	0	0	140	0	0	1	0	0	0	0	0	0	0	0	89	784	0	0	0	2	0	1
fsh-generated/resources/StructureDefinition-EHDSAdministeredDosage.json	1837	1	0	19	0	0	0	0	0	18	1	0	0	0	0	0	0	0	0	0	0	187	179	0	0	0	1	0	1
fsh-generated/resources/StructureDefinition-EHDSAdvanceDirective.json	9740	3	0	12	1	0	0	0	0	22	0	0	0	0	0	0	0	1	0	0	0	93	208	0	0	0	2	0	2
fsh-generated/resources/StructureDefinition-EHDSAlert.json	11143	4	0	7	0	0	0	0	0	17	0	0	0	0	0	0	0	0	0	0	0	127	171	0	0	0	3	0	1
fsh-generated/resources/StructureDefinition-EHDSAllergyIntolerance.json	18488	5	0	9	0	0	0	0	0	20	0	0	0	0	0	0	0	0	0	0	0	254	202	0	0	0	3	0	1
fsh-generated/resources/StructureDefinition-EHDSAttachment.json	8446	2	0	4	0	0	0	0	0	10	0	0	0	0	0	0	0	0	0	0	0	192	111	0	0	0	1	0	1
fsh-generated/resources/StructureDefinition-EHDSBodyStructure.json	7533	2	0	4	0	0	0	0	0	8	0	0	0	0	0	0	0	0	0	0	0	49	100	0	0	0	1	0	0
fsh-generated/resources/StructureDefinition-EHDSCarePlan.json	14981	3	0	9	0	0	0	0	0	23	0	0	0	0	0	0	0	1	0	0	0	203	171	0	0	0	2	1	1
fsh-generated/resources/StructureDefinition-EHDSCondition.json	20289	6	0	9	0	0	0	0	0	21	0	0	0	0	0	0	0	0	0	0	0	121	211	0	0	0	3	0	0
fsh-generated/resources/StructureDefinition-EHDSCurrentPregnancyStatus.json	10875	2	0	7	0	0	0	0	0	13	0	0	0	0	0	0	0	0	0	0	0	77	170	0	0	0	2	0	0
fsh-generated/resources/StructureDefinition-EHDSDataSet.json	9945	3	0	0	0	0	0	0	0	15	0	0	0	0	0	0	0	0	0	0	0	68	148	0	0	0	2	0	1
fsh-generated/resources/StructureDefinition-EHDSDevice.json	17899	3	0	7	0	0	0	0	0	16	0	0	0	0	0	0	0	0	0	0	0	91	167	0	0	0	2	0	0
fsh-generated/resources/StructureDefinition-EHDSDeviceUse.json	10959	3	0	6	0	0	0	0	0	13	0	0	0	0	1	0	0	1	0	0	0	105	146	0	0	0	2	0	0
fsh-generated/resources/StructureDefinition-EHDSDischargeReport.json	64467	13	0	33	0	0	0	0	0	59	0	0	0	0	0	0	0	0	0	0	0	368	464	0	0	0	10	0	1
fsh-generated/resources/StructureDefinition-EHDSDocument.json	24953	5	0	1	0	0	0	0	0	23	0	0	0	0	0	0	0	0	0	0	0	152	200	0	1	0	4	0	1
fsh-generated/resources/StructureDefinition-EHDSDosage.json	26310	5	0	1	0	0	0	0	0	27	0	0	1	0	0	0	0	1	0	0	0	146	188	0	0	0	5	0	0
fsh-generated/resources/StructureDefinition-EHDSEncounter.json	29756	5	0	12	0	0	0	0	0	27	0	0	0	0	0	0	0	0	0	0	0	183	236	0	0	0	5	0	1
fsh-generated/resources/StructureDefinition-EHDSEndpoint.json	15063	3	0	6	1	0	0	0	0	13	0	0	0	0	0	0	0	0	0	0	0	78	117	0	0	0	2	0	0
fsh-generated/resources/StructureDefinition-EHDSHealthProfessional.json	11603	3	0	3	0	0	0	0	0	10	0	0	0	0	0	0	0	0	0	0	0	62	133	0	0	0	1	0	0
fsh-generated/resources/StructureDefinition-EHDSHumanName.json	8238	2	0	4	0	0	0	0	0	8	0	0	0	0	0	0	0	0	0	0	0	47	94	0	0	0	1	0	0
fsh-generated/resources/StructureDefinition-EHDSImagingReport.json	56008	8	0	22	0	0	0	0	0	47	0	0	0	0	0	0	0	1	0	0	0	338	406	0	0	0	8	0	1
fsh-generated/resources/StructureDefinition-EHDSImagingStudy.json	46870	8	0	18	0	0	0	0	0	35	0	0	0	0	0	0	0	0	0	0	0	245	288	0	0	0	6	0	1
fsh-generated/resources/StructureDefinition-EHDSImmunisation.json	13679	3	0	7	0	0	0	0	0	65	0	0	0	0	0	0	0	0	0	0	0	88	128	0	0	0	3	0	0
fsh-generated/resources/StructureDefinition-EHDSLaboratoryObservation.json	8837	2	0	36	0	0	0	0	0	15	0	0	0	0	0	0	0	1	0	0	0	141	288	0	0	0	3	0	1
fsh-generated/resources/StructureDefinition-EHDSLocation.json	7126	2	0	5	0	0	0	0	0	6	0	0	0	0	0	0	0	0	0	0	0	41	80	0	0	0	1	0	0
fsh-generated/resources/StructureDefinition-EHDSMedicalTestResultAndReport.json	30330	6	0	14	0	0	0	0	0	47	0	0	0	0	0	0	0	0	0	0	0	214	242	0	0	0	15	0	1
fsh-generated/resources/StructureDefinition-EHDSMedication.json	41483	7	0	12	0	0	0	0	0	43	0	0	0	0	0	0	0	1	0	0	0	237	225	0	0	0	9	0	1
fsh-generated/resources/StructureDefinition-EHDSMedicationAdministration.json	11469	2	0	6	0	0	0	0	0	11	0	0	0	0	0	0	0	0	0	0	0	102	120	0	0	0	3	0	0
fsh-generated/resources/StructureDefinition-EHDSMedicationDispense.json	16347	3	0	14	0	0	0	0	0	13	0	0	0	0	1	0	0	0	0	0	0	175	131	0	0	0	2	0	0
fsh-generated/resources/StructureDefinition-EHDSMedicationPrescription.json	39102	8	0	13	0	0	0	0	0	27	0	0	0	0	0	0	0	0	0	0	0	277	251	0	0	0	5	0	1
fsh-generated/resources/StructureDefinition-EHDSMedicationUse.json	13647	3	0	7	0	0	0	0	0	16	0	0	1	0	0	0	0	0	0	0	0	102	126	0	0	0	3	0	0
fsh-generated/resources/StructureDefinition-EHDSObservation.json	64842	11	0	2	0	0	0	0	0	39	0	0	0	0	0	0	0	0	0	0	0	406	340	0	0	0	9	0	1
fsh-generated/resources/StructureDefinition-EHDSOrganisation.json	8271	2	0	3	0	0	0	0	0	6	0	0	0	0	0	0	0	1	0	0	0	48	77	0	0	0	1	0	0
fsh-generated/resources/StructureDefinition-EHDSPatient.json	16170	2	0	7	0	0	0	0	0	12	0	0	0	0	0	0	0	0	0	0	0	108	177	0	0	0	2	0	1
fsh-generated/resources/StructureDefinition-EHDSPatientSummary.json	73800	13	0	25	0	0	0	0	0	34	0	0	0	0	0	0	0	0	0	0	0	384	427	0	0	0	11	1	1
fsh-generated/resources/StructureDefinition-EHDSPregnancyHistory.json	7809	3	0	6	1	0	0	0	0	7	0	0	0	0	0	0	0	0	0	0	0	63	95	0	0	0	2	0	0
fsh-generated/resources/StructureDefinition-EHDSProcedure.json	18182	5	0	8	0	0	0	0	0	9	0	0	0	0	0	0	0	0	0	0	0	121	159	0	0	0	4	0	0
fsh-generated/resources/StructureDefinition-EHDSRelatedPerson.json	12469	4	0	5	0	0	0	0	0	6	0	0	0	0	0	0	0	0	0	0	0	84	128	0	0	0	2	0	1
fsh-generated/resources/StructureDefinition-EHDSServiceRequest.json	18874	4	0	8	0	0	0	0	0	11	0	0	0	0	0	0	0	1	0	0	0	190	145	0	0	0	9	0	0
fsh-generated/resources/StructureDefinition-EHDSSpecimen.json	25782	4	0	12	0	0	0	0	0	14	0	0	0	0	0	0	0	0	0	0	0	143	147	0	0	0	5	0	0
fsh-generated/resources/StructureDefinition-EHDSTelecom.json	4443	2	0	4	0	0	0	0	0	2	0	0	0	0	0	0	0	0	0	0	0	63	59	0	0	0	0	0	1
fsh-generated/resources/StructureDefinition-EHDSTravelHistory.json	6278	1	0	5	0	0	0	0	0	4	0	0	0	0	0	0	0	0	0	0	0	53	89	0	0	0	1	0	0
/input/includes/dmn2html.xslt	6208	-	-	-	0	0	0	0	0	0	0	0	0	0	0	0	0	0	0	0	0	0	1	0	0	0	0	0	0
/input/includes/dmn.css	838	-	-	-	0	0	0	0	0	0	0	0	0	0	0	0	0	0	0	0	0	0	0	0	0	0	0	0	0
/fsh-generated/includes/menu.xml	2806	-	-	-	0	0	0	0	0	0	0	0	0	0	0	0	0	0	0	0	0	0	0	0	0	0	0	0	0
/fsh-generated/includes/fsh-link-references.md	2737	-	-	-	0	0	0	0	0	0	0	0	0	0	0	0	0	0	0	0	0	0	0	0	0	0	0	0	0
/input/pagecontent/background.md	4010	-	-	-	0	0	0	0	0	0	0	0	0	0	0	0	0	0	0	0	0	0	0	0	0	0	0	0	0
/input/pagecontent/knownIssues.md	1	-	-	-	0	0	0	0	0	0	0	0	0	0	0	0	0	0	0	0	0	0	0	0	0	0	0	0	0
/input/pagecontent/StructureDefinition-EHDSDosage-notes.md	3048	-	-	-	0	0	0	0	0	0	0	0	0	0	0	0	0	0	0	0	0	0	1	0	0	0	0	0	0
/input/pagecontent/StructureDefinition-EHDSObservation-notes.md	1964	-	-	-	0	0	0	0	0	0	0	0	0	0	0	0	0	0	0	0	0	0	0	0	0	0	0	0	0
/input/pagecontent/overview-patientsummary.md	1380	-	-	-	0	0	0	0	0	0	0	0	0	0	0	0	0	0	0	0	0	0	0	0	0	0	0	0	0
/input/pagecontent/obligations.md	5442	-	-	-	0	0	0	0	0	0	0	0	0	0	0	0	0	0	0	0	0	0	0	0	0	0	0	0	0
/input/pagecontent/authoring-process.md	5797	-	-	-	0	0	0	0	0	0	0	0	0	0	0	0	0	0	0	0	0	0	0	0	0	0	0	0	0
/input/pagecontent/howto.md	5814	-	-	-	0	0	0	0	0	0	0	0	0	0	0	0	0	0	0	0	0	0	1	0	0	0	0	0	0
/input/pagecontent/overview-dischargereport.md	918	-	-	-	0	0	0	0	0	0	0	0	0	0	0	0	0	0	0	0	0	0	0	0	0	0	0	0	0
/input/pagecontent/StructureDefinition-EHDSLaboratoryObservation-notes.md	2077	-	-	-	0	0	0	0	0	0	0	0	0	0	0	0	0	0	0	0	0	0	0	0	0	0	0	0	0
/input/pagecontent/wow.md	6198	-	-	-	0	0	0	0	0	0	0	0	0	0	0	0	0	0	0	0	0	0	0	0	0	0	0	0	0
/input/pagecontent/changes.md	1721	-	-	-	0	0	0	0	0	0	0	0	0	0	0	0	0	0	0	0	0	0	1	0	0	0	0	0	0
/input/pagecontent/overview-medicalimages.md	1231	-	-	-	0	0	0	0	0	0	0	0	0	0	0	0	0	0	0	0	0	0	0	0	0	0	0	0	0
/input/pagecontent/overview-prescription.md	3025	-	-	-	0	0	0	0	0	0	0	0	0	0	0	0	0	0	0	0	0	0	0	0	0	0	0	0	0
/input/pagecontent/datatypes.md	2946	-	-	-	0	0	0	0	0	0	0	0	0	0	0	0	0	0	0	0	0	0	0	0	0	0	0	0	0
/input/pagecontent/StructureDefinition-EHDSObservation-intro.md	1135	-	-	-	0	0	0	0	0	0	0	0	0	0	0	0	0	0	0	0	0	0	0	0	0	0	0	0	0
/input/pagecontent/downloads.md	305	-	-	-	0	0	0	0	0	0	0	0	0	0	0	0	0	0	0	0	0	0	0	0	0	0	0	0	0
/input/pagecontent/overview-medicaltestresult.md	1500	-	-	-	0	0	0	0	0	0	0	0	0	0	0	0	0	0	0	0	0	0	0	0	0	0	0	0	0
/input/pagecontent/scope.md	2413	-	-	-	0	0	0	0	0	0	0	0	0	0	0	0	0	0	0	0	0	0	0	0	0	0	0	0	0
/input/pagecontent/overview-dispensation.md	1667	-	-	-	0	0	0	0	0	0	0	0	0	0	0	0	0	0	0	0	0	0	0	0	0	0	0	0	0
/input/pagecontent/index.md	1545	-	-	-	0	0	0	0	0	0	0	0	0	0	0	0	0	0	0	0	0	0	1	0	0	0	0	0	0
/template/config	0	-	-	-	0	0	0	0	0	0	0	0	0	0	0	0	0	0	0	0	0	0	0	0	0	0	0	0	0
/template/config/_config.yml	140	-	-	-	0	0	0	0	0	0	0	0	0	0	0	0	0	0	0	0	0	0	0	0	0	0	0	0	0
/input/images	0	-	-	-	0	0	0	0	0	0	0	0	0	0	0	0	0	0	0	0	0	0	0	0	0	0	0	0	0
/input/images/24px.svg	234	-	-	-	0	0	0	0	0	0	0	0	0	0	0	0	0	0	0	0	0	0	0	0	0	0	0	0	0
/temp/pages/_includes/artifacts.xml	31262	-	-	-	-	-	-	-	-	-	-	-	-	-	-	-	-	-	-	-	-	-	1	0	0	0	0	0	0
